source,published_at,keyword,title,text,url,author,views,likes,comments,cleaned_text
TVmaze,2005-03-24,The Office,Pilot,A documentary crew arrives at Dundler Mifflin to observe the workplace. Michael Scott tries to paint a happy picture while facing potential downsizing.,https://www.tvmaze.com/episodes/47640/the-office-1x01-pilot,The Office,,,,
TVmaze,2005-03-29,The Office,Diversity Day,Corporate sends in a consultant after Michael attempts to imitate a Chris Rock routine. Michael ends up staging his own Diversity Day event.,https://www.tvmaze.com/episodes/47641/the-office-1x02-diversity-day,The Office,,,,
TVmaze,2005-04-05,The Office,Health Care,Dwight ends up in charge of picking a new health care plan.,https://www.tvmaze.com/episodes/47642/the-office-1x03-health-care,The Office,,,,
TVmaze,2005-04-12,The Office,The Alliance,"With Dwight worried about downsizing, Jim agrees to an alliance; Michael tries to increase moral be throwing a birthday party for Meredith.",https://www.tvmaze.com/episodes/47643/the-office-1x04-the-alliance,The Office,,,,
TVmaze,2005-04-19,The Office,Basketball,Michael challenges the warehouse staff to a basketball game versus the office staff.,https://www.tvmaze.com/episodes/47644/the-office-1x05-basketball,The Office,,,,
TVmaze,2005-04-26,The Office,Hot Girl,Several male staff members vie for the attention of an attractive purse sales woman.,https://www.tvmaze.com/episodes/47645/the-office-1x06-hot-girl,The Office,,,,
TVmaze,2005-09-20,The Office,The Dundies,Michael hosts the annual Dundies awards.,https://www.tvmaze.com/episodes/47646/the-office-2x01-the-dundies,The Office,,,,
TVmaze,2005-09-27,The Office,Sexual Harassment,Michael's continual sending of explicit e-mail forwards forces Dunder Mifflin to review it's sexual harassment policy; Pam's mom makes a visit to the office.,https://www.tvmaze.com/episodes/47647/the-office-2x02-sexual-harassment,The Office,,,,
TVmaze,2005-10-04,The Office,Office Olympics,"With Michael and Dwight out of the house, Jim organizes an office Olympics.",https://www.tvmaze.com/episodes/47648/the-office-2x03-office-olympics,The Office,,,,
TVmaze,2005-10-11,The Office,The Fire,A fire starts in the office kitchen.,https://www.tvmaze.com/episodes/47649/the-office-2x04-the-fire,The Office,,,,
TVmaze,2005-10-18,The Office,Halloween,Michael has to fire someone on Halloween.,https://www.tvmaze.com/episodes/47650/the-office-2x05-halloween,The Office,,,,
TVmaze,2005-11-01,The Office,The Fight,Michael challenges Dwight to a fight at his martial arts studio.,https://www.tvmaze.com/episodes/47651/the-office-2x06-the-fight,The Office,,,,
TVmaze,2005-11-08,The Office,The Client,Jan helps Michael with an important pitch for a client; The staff discovers a screenplay in Michael's office.,https://www.tvmaze.com/episodes/47652/the-office-2x07-the-client,The Office,,,,
TVmaze,2005-11-15,The Office,Performance Review,Michael uses each employee's performance review to discuss his relationship with Jan.,https://www.tvmaze.com/episodes/47653/the-office-2x08-performance-review,The Office,,,,
TVmaze,2005-11-22,The Office,E-Mail Surveillance,The office staff finds out that Michael has set up e-mail surveillance.,https://www.tvmaze.com/episodes/47654/the-office-2x09-e-mail-surveillance,The Office,,,,
TVmaze,2005-12-06,The Office,Christmas Party,"At the office Christmas party, Michael changes secret santa into a gift exchange.",https://www.tvmaze.com/episodes/47655/the-office-2x10-christmas-party,The Office,,,,
TVmaze,2006-01-05,The Office,Booze Cruise,Michael takes the staff on a booze cruise.,https://www.tvmaze.com/episodes/47656/the-office-2x11-booze-cruise,The Office,,,,
TVmaze,2006-01-12,The Office,The Injury,"Michael accidentally burns his foot on his George Foreman Grill, but insists on coming to work anyway. When none of his employees, except for Dwight , help him, Michael feels under-appreciated. Meanwhile, Dwight starts acting strangely nice to everyone, especially Pam.",https://www.tvmaze.com/episodes/47657/the-office-2x12-the-injury,The Office,,,,
TVmaze,2006-01-19,The Office,The Secret,"Jim is forced into spending time with Michael so that he will not reveal Jim's feelings for Pam. Meanwhile, Oscar takes a ""sick day"" and Dwight investigates whether he is actually sick.",https://www.tvmaze.com/episodes/47658/the-office-2x13-the-secret,The Office,,,,
TVmaze,2006-01-26,The Office,The Carpet,"A disgusting ""thing"" – implied to be human feces – is left in Michael's office, and he tries to discover who did it. While his carpet is being replaced, he uses Jim's desk, forcing him to move away from Pam into the annex.",https://www.tvmaze.com/episodes/47659/the-office-2x14-the-carpet,The Office,,,,
TVmaze,2006-02-02,The Office,Boys and Girls,"When Jan comes to the office for a women in the office session, Michael stages a men's only session.",https://www.tvmaze.com/episodes/47660/the-office-2x15-boys-and-girls,The Office,,,,
TVmaze,2006-02-09,The Office,Valentine's Day,Michael has a big meeting in New York with Jan and the companies new CEO; Pam deals with all the Valentine's Day deliveries hoping Roy will remember to send her something.,https://www.tvmaze.com/episodes/47661/the-office-2x16-valentines-day,The Office,,,,
TVmaze,2006-03-02,The Office,Dwight's Speech,Dwight has to make a big speech when he is named Salesmen of the Year.,https://www.tvmaze.com/episodes/47662/the-office-2x17-dwights-speech,The Office,,,,
TVmaze,2006-03-16,The Office,Take Your Daughter to Work Day,Staff members bring their children to work.,https://www.tvmaze.com/episodes/47663/the-office-2x18-take-your-daughter-to-work-day,The Office,,,,
TVmaze,2006-03-30,The Office,Michael's Birthday,Michael's birthday coincides with Kevin awaiting the news to see if he has skin cancer.,https://www.tvmaze.com/episodes/47664/the-office-2x19-michaels-birthday,The Office,,,,
TVmaze,2006-04-27,The Office,Drug Testing,"After Dwight finds a joint in the office park, he goes overboard with an investigation.",https://www.tvmaze.com/episodes/47665/the-office-2x20-drug-testing,The Office,,,,
TVmaze,2006-05-04,The Office,Conflict Resolution,Michael's attempt to resolve conflict resolution in the office just leads to more conflict.,https://www.tvmaze.com/episodes/47666/the-office-2x21-conflict-resolution,The Office,,,,
TVmaze,2006-05-11,The Office,Casino Night,The office holds a casino night for charity in the warehouse.,https://www.tvmaze.com/episodes/47667/the-office-2x22-casino-night,The Office,,,,
TVmaze,2006-09-21,The Office,Gay Witch Hunt,Michael finds out that Oscar is gay after Oscar files a complaint when Michael uses a homosexual slur.,https://www.tvmaze.com/episodes/47668/the-office-3x01-gay-witch-hunt,The Office,,,,
TVmaze,2006-09-28,The Office,The Convention,Michael and Dwight go to a convention that Jim is also attending; Pam goes on her first date after her engagement.,https://www.tvmaze.com/episodes/47669/the-office-3x02-the-convention,The Office,,,,
TVmaze,2006-10-05,The Office,The Coup,"After Jan discovers Michael has been having ""movie Monday's"", Angela encourages Dwight to make a move for Michael's job.",https://www.tvmaze.com/episodes/47670/the-office-3x03-the-coup,The Office,,,,
TVmaze,2006-10-12,The Office,Grief Counseling,"Michael organizes grief counseling sessions following the death of his old boss, Ed Truck.",https://www.tvmaze.com/episodes/47671/the-office-3x04-grief-counseling,The Office,,,,
TVmaze,2006-10-19,The Office,Initiation,Dwight initiates Ryan into his new job as a salesmen at Dunder Mifflin; Pam is tasked with keeping track of everything Michael does during the day by Jan.,https://www.tvmaze.com/episodes/47672/the-office-3x05-initiation,The Office,,,,
TVmaze,2006-11-02,The Office,Diwali,Kelly invites the office staff to a Diwali celebration.,https://www.tvmaze.com/episodes/47673/the-office-3x06-diwali,The Office,,,,
TVmaze,2006-11-09,The Office,Branch Closing,Jan gives Michael the news that the Scranton branch is closing.,https://www.tvmaze.com/episodes/47674/the-office-3x07-branch-closing,The Office,,,,
TVmaze,2006-11-16,The Office,The Merger,Jim and other members of the Stamford branch have their first day at Scranton.,https://www.tvmaze.com/episodes/47675/the-office-3x08-the-merger,The Office,,,,
TVmaze,2006-11-30,The Office,The Convict,The office discovers than one of the new Stamford people is a former convict.,https://www.tvmaze.com/episodes/47676/the-office-3x09-the-convict,The Office,,,,
TVmaze,2006-12-14,The Office,A Benihana Christmas (1),Michael gets dumped by Carol; Pam and Karen start a rival party planning committee.,https://www.tvmaze.com/episodes/47677/the-office-3x10-a-benihana-christmas-1,The Office,,,,
TVmaze,2006-12-14,The Office,A Benihana Christmas (2),Michael gets dumped by Carol; Karen and Pam start a rival party planning committee.,https://www.tvmaze.com/episodes/47678/the-office-3x11-a-benihana-christmas-2,The Office,,,,
TVmaze,2007-01-04,The Office,Back from Vacation,Michael returns from his vacation and accidentally sends a picture of Jan sunbathing to everyone in the office.,https://www.tvmaze.com/episodes/47679/the-office-3x12-back-from-vacation,The Office,,,,
TVmaze,2007-01-11,The Office,Traveling Salesmen,Dwight does a favor for Angela that puts him in hot water with Michael; The sales team heads out on partner sales calls.,https://www.tvmaze.com/episodes/47680/the-office-3x13-traveling-salesmen,The Office,,,,
TVmaze,2007-01-18,The Office,The Return,Oscar returns to work; Dwight gets a job at Staples.,https://www.tvmaze.com/episodes/47681/the-office-3x14-the-return,The Office,,,,
TVmaze,2007-02-01,The Office,Ben Franklin,The ladies of the office throw a bridal shower for Phyllis; Michael tries to throw a rival bachelor party for Bob.,https://www.tvmaze.com/episodes/47682/the-office-3x15-ben-franklin,The Office,,,,
TVmaze,2007-02-08,The Office,Phyllis' Wedding,Michael tries to expand his role at Phyllis' wedding; Pam realizes that Phyllis stole all of her ideas from her canceled wedding to Roy.,https://www.tvmaze.com/episodes/47683/the-office-3x16-phyllis-wedding,The Office,,,,
TVmaze,2007-02-15,The Office,Business School,Michael is a guest speaker at Ryan's business school class; A bat gets lose in the office; Pam has an art show that she invites the entire office too.,https://www.tvmaze.com/episodes/47684/the-office-3x17-business-school,The Office,,,,
TVmaze,2007-02-22,The Office,Cocktails,"David Wallace hosts a party at his host which Michael, Jan, Dwight, Jim and Karen attend; The rest of the office staff go out for Happy Hour.",https://www.tvmaze.com/episodes/47685/the-office-3x18-cocktails,The Office,,,,
TVmaze,2007-04-05,The Office,The Negotiation,Dwight saves Jim when Roy shows up at the office planning to hit him for kissing Pam; Darryl asks Michael for a raise which leads to Michael asking for a raise from Jan.,https://www.tvmaze.com/episodes/47686/the-office-3x19-the-negotiation,The Office,,,,
TVmaze,2007-04-12,The Office,Safety Training,The office staff undergoes safety training; Andy returns from anger management training.,https://www.tvmaze.com/episodes/47687/the-office-3x20-safety-training,The Office,,,,
TVmaze,2007-04-26,The Office,Product Recall,The office staff deal with a breach in quality control when an obscene water mark ends up their paper. ,https://www.tvmaze.com/episodes/47688/the-office-3x21-product-recall,The Office,,,,
TVmaze,2007-05-03,The Office,Women's Appreciation,"After Phyllis is flashed in the parking lot, Michael arranges a women's appreciation day.",https://www.tvmaze.com/episodes/47689/the-office-3x22-womens-appreciation,The Office,,,,
TVmaze,2007-05-10,The Office,Beach Games,The office attends beach day which Michael uses to try and determine who would replace him if he gets a job at corporate. ,https://www.tvmaze.com/episodes/47690/the-office-3x23-beach-games,The Office,,,,
TVmaze,2007-05-17,The Office,The Job (1),"Michael, Jim and Karen interview for a job at corporate; Michael appoints Dwight as regional manager.",https://www.tvmaze.com/episodes/47691/the-office-3x24-the-job-1,The Office,,,,
TVmaze,2007-05-17,The Office,The Job (2),"Michael, Jim and Karen interview for a job at corporate; Michael appoints Dwight as regional manager.",https://www.tvmaze.com/episodes/47692/the-office-3x25-the-job-2,The Office,,,,
TVmaze,2007-09-27,The Office,Fun Run (1),Michael accidentally runs over Meredith in the parking lot which results in Michael arranging a 5K fun run for her.,https://www.tvmaze.com/episodes/47693/the-office-4x01-fun-run-1,The Office,,,,
TVmaze,2007-09-27,The Office,Fun Run (2),Michael accidentally runs over Meredith in the parking lot which results in Michael arranging a 5K fun run for her,https://www.tvmaze.com/episodes/47694/the-office-4x02-fun-run-2,The Office,,,,
TVmaze,2007-10-04,The Office,Dunder Mifflin Infinity (1),Michael is resistant to the new ideas the Ryan brings to the company; Jim and Pam's relationship is exposed to the entire office.,https://www.tvmaze.com/episodes/47695/the-office-4x03-dunder-mifflin-infinity-1,The Office,,,,
TVmaze,2007-10-04,The Office,Dunder Mifflin Infinity (2),Michael sets out to win clients back the old fashion way.,https://www.tvmaze.com/episodes/47696/the-office-4x04-dunder-mifflin-infinity-2,The Office,,,,
TVmaze,2007-10-11,The Office,Launch Party (1),The Dunder Mifflin website launches; Dwight gets into a paper selling war with the new website.,https://www.tvmaze.com/episodes/47697/the-office-4x05-launch-party-1,The Office,,,,
TVmaze,2007-10-11,The Office,Launch Party (2),Michael is upset when he realizes he wasn't invited to attend the actual launch party in New York; Andy pursues Angela.,https://www.tvmaze.com/episodes/47698/the-office-4x06-launch-party-2,The Office,,,,
TVmaze,2007-10-18,The Office,Money (1),Michael takes a second job as supporting Jan is draining his finances; Jim and Pam stay at Dwight's farm.,https://www.tvmaze.com/episodes/47699/the-office-4x07-money-1,The Office,,,,
TVmaze,2007-10-18,The Office,Money (2),Oscar helps Michael with his finances; Andy continues to pursue Angela.,https://www.tvmaze.com/episodes/47700/the-office-4x08-money-2,The Office,,,,
TVmaze,2007-10-25,The Office,Local Ad,Michael believes he can make a better TV ad than the professionals Dunder Mifflin sent.,https://www.tvmaze.com/episodes/47701/the-office-4x09-local-ad,The Office,,,,
TVmaze,2007-11-01,The Office,Branch Wars,Michael and Dwight set out to pull a prank on Utica when they find out that Karen is trying to steal Stanley.,https://www.tvmaze.com/episodes/47702/the-office-4x10-branch-wars,The Office,,,,
TVmaze,2007-11-08,The Office,Survivor Man,Michael sets out to survivor in the wilderness after Ryan doesn't invite him on a retreat; Jim is put in charge of the office while Michael is going and he attempts to change the birthday party policy. ,https://www.tvmaze.com/episodes/47703/the-office-4x11-survivor-man,The Office,,,,
TVmaze,2007-11-15,The Office,The Deposition,Michael tries to play both sides when he has to give a deposition for Jan's lawsuit against Dunder Mifflin.,https://www.tvmaze.com/episodes/47704/the-office-4x12-the-deposition,The Office,,,,
TVmaze,2008-04-10,The Office,Dinner Party,"Michael traps Pam and Jim, Angela and Andy into a dinner party with him and Jan.",https://www.tvmaze.com/episodes/47705/the-office-4x13-dinner-party,The Office,,,,
TVmaze,2008-04-17,The Office,Chair Model,Michael becomes obsessed with a model in a chair catalog; Kevin and Andy set out to reclaim the office's parking spaces.,https://www.tvmaze.com/episodes/47706/the-office-4x14-chair-model,The Office,,,,
TVmaze,2008-04-24,The Office,Night Out,Michael and Dwight head to New York to party with Ryan; Jim gets the office to work late to avoid coming in on Saturday and they get locked in the parking lot.,https://www.tvmaze.com/episodes/47707/the-office-4x15-night-out,The Office,,,,
TVmaze,2008-05-01,The Office,Did I Stutter?,Michael has to deal with Stanley's open insubordination at a meeting.,https://www.tvmaze.com/episodes/47708/the-office-4x16-did-i-stutter,The Office,,,,
TVmaze,2008-05-08,The Office,Job Fair,"Michael, Pam, Darryl and Oscar attend a job fair; Jim, Kevin and Andy play a round of golf with a perspective client.",https://www.tvmaze.com/episodes/47709/the-office-4x17-job-fair,The Office,,,,
TVmaze,2008-05-15,The Office,"Goodbye, Toby (1)",Michael becomes infatuated with the woman replacing Toby; Jim plan to propose to Pam is upstaged by Andy; Michael gets a surprise from Jan.,https://www.tvmaze.com/episodes/47710/the-office-4x18-goodbye-toby-1,The Office,,,,
TVmaze,2008-05-15,The Office,"Goodbye, Toby (2)",Michael becomes infatuated with the woman replacing Toby; Jim plan to propose to Pam is upstaged by Andy; Michael gets a surprise from Jan.,https://www.tvmaze.com/episodes/47711/the-office-4x19-goodbye-toby-2,The Office,,,,
TVmaze,2008-09-25,The Office,Weight Loss (1),The office staff goes to extremes when they participate in a weight loss contest run by corporate.,https://www.tvmaze.com/episodes/47712/the-office-5x01-weight-loss-1,The Office,,,,
TVmaze,2008-09-25,The Office,Weight Loss (2),The office staff goes to extremes when they participate in a weight loss contest run by corporate.,https://www.tvmaze.com/episodes/47713/the-office-5x02-weight-loss-2,The Office,,,,
TVmaze,2008-10-09,The Office,Business Ethics,Holly has to run an ethics meeting which leads to Meredith revealing an unethical situation. ,https://www.tvmaze.com/episodes/47714/the-office-5x03-business-ethics,The Office,,,,
TVmaze,2008-10-16,The Office,Baby Shower,Michael insists the office throw Jan a baby shower even though he is not the father of her baby.,https://www.tvmaze.com/episodes/47715/the-office-5x04-baby-shower,The Office,,,,
TVmaze,2008-10-23,The Office,Crime Aid,Michael arranges for a fundraiser when the office is burglarized. ,https://www.tvmaze.com/episodes/47716/the-office-5x05-crime-aid,The Office,,,,
TVmaze,2008-10-30,The Office,Employee Transfer,"After corporate finds out about Michael and Holly's relationship, they transfer Holly back to New Hampshire.",https://www.tvmaze.com/episodes/47717/the-office-5x06-employee-transfer,The Office,,,,
TVmaze,2008-11-06,The Office,Customer Survey,Jim and Dwight are surprised by their low customer survey scores.,https://www.tvmaze.com/episodes/47718/the-office-5x07-customer-survey,The Office,,,,
TVmaze,2008-11-13,The Office,Business Trip,Andy and Oscar accompany Michael on a business trip to Canada; Pam gets bad news about her art class.,https://www.tvmaze.com/episodes/47719/the-office-5x08-business-trip,The Office,,,,
TVmaze,2008-11-20,The Office,Frame Toby,Michael attempts to frame Toby when he returns to the office; Jim surprises Pam by purchasing his parents house.,https://www.tvmaze.com/episodes/47720/the-office-5x09-frame-toby,The Office,,,,
TVmaze,2008-12-04,The Office,The Surplus,The office argues over what to buy with a surplus; Dwight tricks Angela.,https://www.tvmaze.com/episodes/47721/the-office-5x10-the-surplus,The Office,,,,
TVmaze,2008-12-11,The Office,Moroccan Christmas,Michael turns the Office Christmas Party into an intervention for Meredith; Dwight makes money off of a popular children's toy.,https://www.tvmaze.com/episodes/47722/the-office-5x11-moroccan-christmas,The Office,,,,
TVmaze,2009-01-15,The Office,The Duel,Andy finally finds out about Dwight and Angela; Michael is called to corporate to discuss the branch's success.,https://www.tvmaze.com/episodes/47723/the-office-5x12-the-duel,The Office,,,,
TVmaze,2009-01-22,The Office,Prince Family Paper,Michael does research on a local family run company the Dunder Mifflin wants to buy out; The office debates the hotness of Hilary Swank.,https://www.tvmaze.com/episodes/47724/the-office-5x13-prince-family-paper,The Office,,,,
TVmaze,2009-02-01,The Office,Stress Relief (1),Dwight takes things to far during his fire drill.,https://www.tvmaze.com/episodes/47725/the-office-5x14-stress-relief-1,The Office,,,,
TVmaze,2009-02-01,The Office,Stress Relief (2),Michael realizes he is what is causing people to stress out in the office so he arranges a roast.,https://www.tvmaze.com/episodes/47726/the-office-5x15-stress-relief-2,The Office,,,,
TVmaze,2009-02-05,The Office,Lecture Circuit (1),Pam accompanies Michael on a lecture circuit at other branches where they discover Karen is pregnant; Andy becomes infatuated with Stanley's client.,https://www.tvmaze.com/episodes/47727/the-office-5x16-lecture-circuit-1,The Office,,,,
TVmaze,2009-02-12,The Office,Lecture Circuit (2),Michael and Pam head to Nashua so Michael can find closure with Holly.,https://www.tvmaze.com/episodes/47728/the-office-5x17-lecture-circuit-2,The Office,,,,
TVmaze,2009-03-05,The Office,Blood Drive,"After a missed opportunity at a blood drive, Michael throws a Lonely Hearts Valentine's Day party; Jim and Pam go a double date with Bob and Phyllis.",https://www.tvmaze.com/episodes/47729/the-office-5x18-blood-drive,The Office,,,,
TVmaze,2009-03-12,The Office,Golden Ticket,Michael's idea to hide golden tickets in shipments backfires and Michael asks Dwight to take the heat.,https://www.tvmaze.com/episodes/47730/the-office-5x19-golden-ticket,The Office,,,,
TVmaze,2009-03-19,The Office,New Boss,The new supervisor clashes with Michael.,https://www.tvmaze.com/episodes/47731/the-office-5x20-new-boss,The Office,,,,
TVmaze,2009-03-26,The Office,Two Weeks,Michael decides to start his own paper company after giving his two week's notice.,https://www.tvmaze.com/episodes/47732/the-office-5x21-two-weeks,The Office,,,,
TVmaze,2009-04-09,The Office,Dream Team,Michael and Pam set out to build their new company.,https://www.tvmaze.com/episodes/47733/the-office-5x22-dream-team,The Office,,,,
TVmaze,2009-04-09,The Office,The Michael Scott Paper Company,"Tensions run high between Michael, Pam and Ryan as they try to get the new company off the ground; Charles asks Jim to complete a task.",https://www.tvmaze.com/episodes/47734/the-office-5x23-the-michael-scott-paper-company,The Office,,,,
TVmaze,2009-04-16,The Office,Heavy Competition,Michael and Dwight wag war over clients; Jim pretends to confide in Andy.,https://www.tvmaze.com/episodes/47735/the-office-5x24-heavy-competition,The Office,,,,
TVmaze,2009-04-23,The Office,Broke,The Michael Scott Paper Company runs into financial trouble but Dunder Mifflin is worried about the clients they are losing.,https://www.tvmaze.com/episodes/47736/the-office-5x25-broke,The Office,,,,
TVmaze,2009-04-30,The Office,Casual Friday,"Michael, Pam and Ryan return to Dunder Mifflin; Some staff takes casual Friday too far; The other sales people are upset that they are not getting their clients back.",https://www.tvmaze.com/episodes/47737/the-office-5x26-casual-friday,The Office,,,,
TVmaze,2009-05-07,The Office,Cafe Disco,Michael tries to create a disco in his old Michael Scott Paper Company office.,https://www.tvmaze.com/episodes/47738/the-office-5x27-cafe-disco,The Office,,,,
TVmaze,2009-05-14,The Office,Company Picnic,The staff attend the Dunder Mifflin company picnic.,https://www.tvmaze.com/episodes/47739/the-office-5x28-company-picnic,The Office,,,,
TVmaze,2009-09-17,The Office,Gossip,Michael accidentally reveals that Stanley is having an affair so he makes up a bunch of other rumors to divert people's attention.,https://www.tvmaze.com/episodes/47740/the-office-6x01-gossip,The Office,,,,
TVmaze,2009-09-24,The Office,The Meeting,Michael attempts to sabotage Jim's efforts at a promotion. ,https://www.tvmaze.com/episodes/47741/the-office-6x02-the-meeting,The Office,,,,
TVmaze,2009-10-01,The Office,The Promotion,Michael and Jim have to decide who is getting a raise and who is not.,https://www.tvmaze.com/episodes/47742/the-office-6x03-the-promotion,The Office,,,,
TVmaze,2009-10-08,The Office,Niagara (1),The office staff head to Niagara Falls for Jim and Pam's wedding.,https://www.tvmaze.com/episodes/47743/the-office-6x04-niagara-1,The Office,,,,
TVmaze,2009-10-08,The Office,Niagara (2),The office staff travels to Jim and Pam's wedding.,https://www.tvmaze.com/episodes/47744/the-office-6x05-niagara-2,The Office,,,,
TVmaze,2009-10-15,The Office,Mafia,"With Jim and Pam on their honeymoon, Michael ends up signing up for insurance thinking the guy selling is in the mafia.",https://www.tvmaze.com/episodes/47745/the-office-6x06-mafia,The Office,,,,
TVmaze,2009-10-22,The Office,The Lover,Pam finds out that Michael is dating her mother.,https://www.tvmaze.com/episodes/47746/the-office-6x07-the-lover,The Office,,,,
TVmaze,2009-10-29,The Office,Koi Pond,Michael ends up becoming the butt of everyone's jokes when he falls into a koi pond while on a sales call; Pam and Andy are mistaken for a couple when they go on sales calls together.,https://www.tvmaze.com/episodes/47747/the-office-6x08-koi-pond,The Office,,,,
TVmaze,2009-11-05,The Office,Double Date,Michael breaks up with Pam's mom on her birthday; Dwight tries to get the rest of the staff to owe him in order to get Jim fired.,https://www.tvmaze.com/episodes/47748/the-office-6x09-double-date,The Office,,,,
TVmaze,2009-11-12,The Office,Murder,Michael attempts to distract the office when rumors of Dunder Mifflin's bankruptcy surface.,https://www.tvmaze.com/episodes/47749/the-office-6x10-murder,The Office,,,,
TVmaze,2009-11-19,The Office,Shareholder Meeting,"Michael is invited to be honored at a shareholder's meeting; Jim tries to get the rest of the office to understand he is one of the ""real"" bosses.",https://www.tvmaze.com/episodes/47750/the-office-6x11-shareholder-meeting,The Office,,,,
TVmaze,2009-12-03,The Office,Scott's Tots,Michael is in hot water when it comes time to pay up for promising a bunch of kids he would pay for their college tuition; Dwight tries to set Jim up.,https://www.tvmaze.com/episodes/47751/the-office-6x12-scotts-tots,The Office,,,,
TVmaze,2009-12-10,The Office,Secret Santa,Michael is upset when Jim allows Phyllis to be the office Santa for Christmas.,https://www.tvmaze.com/episodes/47752/the-office-6x13-secret-santa,The Office,,,,
TVmaze,2010-01-21,The Office,The Banker,A banker from the potential buyer visits the office.,https://www.tvmaze.com/episodes/47753/the-office-6x14-the-banker,The Office,,,,
TVmaze,2010-02-04,The Office,Sabre,Michael doesn't like the changes that the new owner is making to Dunder Mifflin; Jim and Pam interview at a day care.,https://www.tvmaze.com/episodes/47754/the-office-6x15-sabre,The Office,,,,
TVmaze,2010-02-11,The Office,The Manager and the Salesman,"When the new CEO visits the office, she informs Michael and Jim that only one of the can be manager; Andy gives Valentine's Day cards to all the staff giving Kelly the wrong impression.",https://www.tvmaze.com/episodes/47755/the-office-6x16-the-manager-and-the-salesman,The Office,,,,
TVmaze,2010-03-04,The Office,The Delivery (1),Pam insists on waiting until after midnight to check in to the hospital; Dwight and Angela make a business agreement to have their own baby.,https://www.tvmaze.com/episodes/47756/the-office-6x17-the-delivery-1,The Office,,,,
TVmaze,2010-03-04,The Office,The Delivery (2),"After the birth of the baby, Pam has trouble getting the baby to breastfeed. Michael tries to set up other members of the office.",https://www.tvmaze.com/episodes/47757/the-office-6x18-the-delivery-2,The Office,,,,
TVmaze,2010-03-11,The Office,St. Patrick's Day,Dwight becomes obsessed with a mega desk recreated while Jim and Pam were gone; Michael's attempts to suck up to Jo are unsuccessful.,https://www.tvmaze.com/episodes/47758/the-office-6x19-st-patricks-day,The Office,,,,
TVmaze,2010-03-18,The Office,New Leads,Tensions rise in the office when the sales staff thinks they are the top dog.,https://www.tvmaze.com/episodes/47759/the-office-6x20-new-leads,The Office,,,,
TVmaze,2010-03-25,The Office,Happy Hour,Oscar gets the staff to go out after work in order to see Matt from the warehouse. ,https://www.tvmaze.com/episodes/47760/the-office-6x21-happy-hour,The Office,,,,
TVmaze,2010-04-22,The Office,Secretary's Day,Andy tries to create a special secretary's day for Erin but Michael accidentally reveals a secret.,https://www.tvmaze.com/episodes/47761/the-office-6x22-secretarys-day,The Office,,,,
TVmaze,2010-04-29,The Office,Body Language,Michael thinks that a new client is interested in him; Dwight tries to recruit different minorities into Sabre executive program.,https://www.tvmaze.com/episodes/47762/the-office-6x23-body-language,The Office,,,,
TVmaze,2010-05-06,The Office,The Cover-Up,Michael thinks Donna is cheating on him; Darryl tries to set Andy up.,https://www.tvmaze.com/episodes/47763/the-office-6x24-the-cover-up,The Office,,,,
TVmaze,2010-05-13,The Office,The Chump,Michael doesn't break up with Donna after learning she is married; Jim and Pam struggle to stay awake at work; Dwight and Angela take their baby contract to a mediator. ,https://www.tvmaze.com/episodes/47764/the-office-6x25-the-chump,The Office,,,,
TVmaze,2010-05-20,The Office,Whistleblower,Jo returns to the branch to find who contacted the press about the printer's starting on fire.,https://www.tvmaze.com/episodes/47765/the-office-6x26-whistleblower,The Office,,,,
TVmaze,2010-09-23,The Office,Nepotism,The staff demands that Michael fire the new assistant who keeps screwing things up.,https://www.tvmaze.com/episodes/47766/the-office-7x01-nepotism,The Office,,,,
TVmaze,2010-09-30,The Office,Counseling,Michael has to go to counseling with Toby; Dwight seeks revenge on a local mall; Pam fakes her way into a new position.,https://www.tvmaze.com/episodes/47767/the-office-7x02-counseling,The Office,,,,
TVmaze,2010-10-07,The Office,Andy's Play,"Andy invites the entire office to his community theatre production of ""Sweeney Todd'.",https://www.tvmaze.com/episodes/47768/the-office-7x03-andys-play,The Office,,,,
TVmaze,2010-10-14,The Office,Sex Ed,Michael contacts all of his former girlfriends thinking he has herpes.,https://www.tvmaze.com/episodes/47769/the-office-7x04-sex-ed,The Office,,,,
TVmaze,2010-10-21,The Office,The Sting,"Michael, Dwight and Jim arrange a sting on a rival company salesman.",https://www.tvmaze.com/episodes/47770/the-office-7x05-the-sting,The Office,,,,
TVmaze,2010-10-28,The Office,Costume Contest,"While the office celebrates Halloween, Michael comes upset that Darryl went to corporate with an idea; Jim is set on figuring out why Danny didn't call Pam back when they went on some dates.",https://www.tvmaze.com/episodes/47771/the-office-7x06-costume-contest,The Office,,,,
TVmaze,2010-11-04,The Office,Christening,The entire office staff attends CiCi's christening.,https://www.tvmaze.com/episodes/47772/the-office-7x07-christening,The Office,,,,
TVmaze,2010-11-11,The Office,Viewing Party,Gabe and Erin throw a Glee viewing party which Michael attempts to sabotage; Pam discovers Dwight is the secret to CiCi's sleeping problem.,https://www.tvmaze.com/episodes/47773/the-office-7x08-viewing-party,The Office,,,,
TVmaze,2010-11-18,The Office,WUPHF.com,Ryan tries to get more investors in his internet company; Jim lacks motivation to work when Sabra institutes commission caps.,https://www.tvmaze.com/episodes/47774/the-office-7x09-wuphfcom,The Office,,,,
TVmaze,2010-12-02,The Office,China,Michael outsmarts Oscar in a debate about China; Pam goes toe to toe with Dwight about the changes he has made to the office building. ,https://www.tvmaze.com/episodes/47775/the-office-7x10-china,The Office,,,,
TVmaze,2010-12-09,The Office,Classy Christmas (1),Michael insists on an elaborate Christmas party when he finds out that Holly is returning.,https://www.tvmaze.com/episodes/47776/the-office-7x11-classy-christmas-1,The Office,,,,
TVmaze,2010-12-09,The Office,Classy Christmas (2),Michael gets jealous when he finds out that Holly is still dating A.J.; Jim is paranoid when Dwight starts a snow ball war with him.,https://www.tvmaze.com/episodes/47777/the-office-7x12-classy-christmas-2,The Office,,,,
TVmaze,2011-01-20,The Office,Ultimatum,Michael is initially exited when Holly returns from vacation without an engagement ring but left disappointed that she didn't follow through on her ultimatum; Pam tries to boost staff morale.,https://www.tvmaze.com/episodes/47778/the-office-7x13-ultimatum,The Office,,,,
TVmaze,2011-01-27,The Office,The Seminar,Andy hosts a small business seminar at the office.,https://www.tvmaze.com/episodes/47779/the-office-7x14-the-seminar,The Office,,,,
TVmaze,2011-02-03,The Office,The Search,"After Jim gets an emergency phone call about CeCe he leaves Michael at a gas station leading to Holly, Erin and Dwight to search for him.",https://www.tvmaze.com/episodes/47780/the-office-7x15-the-search,The Office,,,,
TVmaze,2011-02-10,The Office,PDA,The office is grossed out by Michael and Holly's PDA.,https://www.tvmaze.com/episodes/47781/the-office-7x16-pda,The Office,,,,
TVmaze,2011-02-17,The Office,Threat Level Midnight,Michael finally finishes his movie.,https://www.tvmaze.com/episodes/47782/the-office-7x17-threat-level-midnight,The Office,,,,
TVmaze,2011-02-24,The Office,Todd Packer,Everyone is upset when Todd Packer is hired back to the office; Andy is upset when Pam gets a new computer for Erin.,https://www.tvmaze.com/episodes/47783/the-office-7x18-todd-packer,The Office,,,,
TVmaze,2011-03-24,The Office,Garage Sale,Michael prepares to propose to Holly; The staff holds a garage sale in the warehouse.,https://www.tvmaze.com/episodes/47784/the-office-7x19-garage-sale,The Office,,,,
TVmaze,2011-04-14,The Office,Training Day,"The new boss, Deangelo Vickers, arrives to begin training.",https://www.tvmaze.com/episodes/47785/the-office-7x20-training-day,The Office,,,,
TVmaze,2011-04-21,The Office,Michael's Last Dundies,Michael prepares to host his last Dundies.,https://www.tvmaze.com/episodes/47786/the-office-7x21-michaels-last-dundies,The Office,,,,
TVmaze,2011-04-28,The Office,"Goodbye, Michael (1)",Michael doesn't tell the staff that he is leaving a day early; Deangelo helps Andy with a big client.,https://www.tvmaze.com/episodes/47787/the-office-7x22-goodbye-michael-1,The Office,,,,
TVmaze,2011-04-28,The Office,"Goodbye, Michael (2)",,https://www.tvmaze.com/episodes/2326095/the-office-7x23-goodbye-michael-2,The Office,,,,
TVmaze,2011-05-05,The Office,The Inner Circle,Deangelo creates tension when he created an inner circle of only men at the office.,https://www.tvmaze.com/episodes/47788/the-office-7x24-the-inner-circle,The Office,,,,
TVmaze,2011-05-12,The Office,"Dwight K. Schrute, (Acting) Manager",Dwight becomes acting manager of the branch.,https://www.tvmaze.com/episodes/47789/the-office-7x25-dwight-k-schrute-acting-manager,The Office,,,,
TVmaze,2011-05-19,The Office,Search Committee (1),"Jim, Toby and Gabe head up the search committee for a new manager for the branch.",https://www.tvmaze.com/episodes/47790/the-office-7x26-search-committee-1,The Office,,,,
TVmaze,2011-05-19,The Office,Search Committee (2),"Jim, Toby and Gabe head up the search committee for a new manager for the branch.",https://www.tvmaze.com/episodes/47791/the-office-7x27-search-committee-2,The Office,,,,
TVmaze,2011-09-22,The Office,The List,The office staff become obsessed when they find a list of names in two columns in Robert California's notebook.,https://www.tvmaze.com/episodes/47792/the-office-8x01-the-list,The Office,,,,
TVmaze,2011-09-29,The Office,The Incentive,"Under pressure from Robert California, Andy introduces an incentive program to increase sales.",https://www.tvmaze.com/episodes/47793/the-office-8x02-the-incentive,The Office,,,,
TVmaze,2011-10-06,The Office,Lotto,The warehouse staff quits after winning the lottery.,https://www.tvmaze.com/episodes/47794/the-office-8x03-lotto,The Office,,,,
TVmaze,2011-10-13,The Office,Garden Party,Andy throws a garden party to impress his parents.,https://www.tvmaze.com/episodes/47795/the-office-8x04-garden-party,The Office,,,,
TVmaze,2011-10-27,The Office,Spooked,Erin worries that Andy will fire her when her Halloween party doesn't live up to Robert California's expectations. ,https://www.tvmaze.com/episodes/47796/the-office-8x05-spooked,The Office,,,,
TVmaze,2011-11-03,The Office,Doomsday,Dwight convinces Andy to let him install a doomsday device that sends an e-mail to Robert California after the office makes five mistakes.,https://www.tvmaze.com/episodes/47797/the-office-8x06-doomsday,The Office,,,,
TVmaze,2011-11-10,The Office,Pam's Replacement,Pam worries that Jim thinks the temp filling in for her during her maternity leave is attractive.,https://www.tvmaze.com/episodes/47798/the-office-8x07-pams-replacement,The Office,,,,
TVmaze,2011-11-17,The Office,Gettysburg,Andy takes a portion of the staff on an outing to Gettysburg; Part of the staff stays behind where they pitch the next big idea to Robert.,https://www.tvmaze.com/episodes/47799/the-office-8x08-gettysburg,The Office,,,,
TVmaze,2011-12-01,The Office,Mrs. California,Andy is in a tight spot when Robert doesn't want him to hire his wife at the office.,https://www.tvmaze.com/episodes/47800/the-office-8x09-mrs-california,The Office,,,,
TVmaze,2011-12-08,The Office,Christmas Wishes,Andy attempts to grant each person's holiday wish.,https://www.tvmaze.com/episodes/47801/the-office-8x10-christmas-wishes,The Office,,,,
TVmaze,2012-01-12,The Office,Trivia,Andy brings the staff to a trivia night in order to win money to buy Dunder Mifflin's paper to meet their sales goal.,https://www.tvmaze.com/episodes/47802/the-office-8x11-trivia,The Office,,,,
TVmaze,2012-01-19,The Office,Pool Party,Robert California invites the staff to his house for a pool party before he sells the property.,https://www.tvmaze.com/episodes/47803/the-office-8x12-pool-party,The Office,,,,
TVmaze,2012-02-02,The Office,Jury Duty,Jim gets caught lying about having jury duty; Angela has her baby.,https://www.tvmaze.com/episodes/47804/the-office-8x13-jury-duty,The Office,,,,
TVmaze,2012-02-09,The Office,Special Project,Dwight gets the opportunity to lead a special project team.,https://www.tvmaze.com/episodes/47805/the-office-8x14-special-project,The Office,,,,
TVmaze,2012-02-16,The Office,Tallahassee,Dwight is set on securing the VP position up for grabs even as he battles appendicitis.,https://www.tvmaze.com/episodes/47806/the-office-8x15-tallahassee,The Office,,,,
TVmaze,2012-02-23,The Office,After Hours,Dwight and Todd Packer try to win over Nellie by trying to sleep with her; Jim worries that Cathy is trying to hit on him; The office staff works late.,https://www.tvmaze.com/episodes/47807/the-office-8x16-after-hours,The Office,,,,
TVmaze,2012-03-01,The Office,Test the Store,The team in Florida launch the test store; Andy and Pam are attacked by a group of kids in the parking lot.,https://www.tvmaze.com/episodes/47808/the-office-8x17-test-the-store,The Office,,,,
TVmaze,2012-03-08,The Office,Last Day in Florida,Jim learns that Robert plans to kill the store idea at the board meeting and tries to warn Dwight; Erin tells Andy that she is staying in Florida.,https://www.tvmaze.com/episodes/47809/the-office-8x18-last-day-in-florida,The Office,,,,
TVmaze,2012-03-15,The Office,Get the Girl,Andy heads to Florida to win Erin back; Nellie shows up at the office and attempts to take over the manager job.,https://www.tvmaze.com/episodes/47810/the-office-8x19-get-the-girl,The Office,,,,
TVmaze,2012-04-12,The Office,Welcome Party,Robert California forces the staff to throw a welcome party for Nellie; Andy tries to break-up with Jessica.,https://www.tvmaze.com/episodes/47811/the-office-8x20-welcome-party,The Office,,,,
TVmaze,2012-04-19,The Office,Angry Andy,Andy returns to the office to discover Nellie has taken over his job and refuses to give it up; Ryan is jealous when Kelly starts dating Jim and Pam's pediatrician.,https://www.tvmaze.com/episodes/47812/the-office-8x21-angry-andy,The Office,,,,
TVmaze,2012-04-26,The Office,Fundraiser,The staff attend a fundraiser hosted by Angela's husband.,https://www.tvmaze.com/episodes/47813/the-office-8x22-fundraiser,The Office,,,,
TVmaze,2012-05-03,The Office,Turf War,A turf war ensues when Robert fails to implement a transition plan when a branch closes.,https://www.tvmaze.com/episodes/47814/the-office-8x23-turf-war,The Office,,,,
TVmaze,2012-05-10,The Office,Free Family Portrait Studio,Andy arranges for David Wallace to buy back the company to make him the regional manager again.,https://www.tvmaze.com/episodes/47815/the-office-8x24-free-family-portrait-studio,The Office,,,,
TVmaze,2012-09-20,The Office,The New Guys,The office is joined by two new guys who the office dubs new Dwight and new Jim. Andy tries to force Nellie out.,https://www.tvmaze.com/episodes/47816/the-office-9x01-the-new-guys,The Office,,,,
TVmaze,2012-09-27,The Office,Roy's Wedding,Jim and Pam attend Roy's wedding. Nellie tries to initiate a special project involving charity. ,https://www.tvmaze.com/episodes/47817/the-office-9x02-roys-wedding,The Office,,,,
TVmaze,2012-10-04,The Office,Andy's Ancestry,Nellie convinces Andy that he is distantly related to Michelle Obama; Pam tries to teach Nellie how to drive.,https://www.tvmaze.com/episodes/47818/the-office-9x03-andys-ancestry,The Office,,,,
TVmaze,2012-10-18,The Office,Work Bus,Jim convinces Dwight that the office has safety issues so Jim sets up a temporary office in the parking lot.,https://www.tvmaze.com/episodes/47819/the-office-9x04-work-bus,The Office,,,,
TVmaze,2012-10-25,The Office,Here Comes Treble,It's Halloween at the office and Andy invites his college's capella group to perform at the party; Jim and Pam disagree over how much to invest in the new sports business.,https://www.tvmaze.com/episodes/47820/the-office-9x05-here-comes-treble,The Office,,,,
TVmaze,2012-11-08,The Office,The Boat,"Andy deals with the aftermath of his family losing all their money; Jim, Pam and Nellie pulls a radio interview prank on Dwight; Kevin finds out about Oscar and Angela's husband.",https://www.tvmaze.com/episodes/47821/the-office-9x06-the-boat,The Office,,,,
TVmaze,2012-11-15,The Office,The Whale,The ladies of the office try and help Dwight pitch to a female client; Angela and Oscar think the Senator is cheating on them.,https://www.tvmaze.com/episodes/47822/the-office-9x07-the-whale,The Office,,,,
TVmaze,2012-11-29,The Office,The Target,Angela wants to put a hit out on Oscar; Jim has to wine and dine Phyllis and Stanley for a favor.,https://www.tvmaze.com/episodes/47823/the-office-9x08-the-target,The Office,,,,
TVmaze,2012-12-06,The Office,Dwight Christmas,"When the staff forgets about Christmas, Dwight is able to throw his version of Christmas.",https://www.tvmaze.com/episodes/47824/the-office-9x09-dwight-christmas,The Office,,,,
TVmaze,2013-01-10,The Office,Lice,Pam brings lice into the office and lets Meredith take the fall.,https://www.tvmaze.com/episodes/47825/the-office-9x10-lice,The Office,,,,
TVmaze,2013-01-17,The Office,Suit Warehouse,Dwight gets Clark to help him with a sale; Darryl has an interview at Jim's company.,https://www.tvmaze.com/episodes/47826/the-office-9x11-suit-warehouse,The Office,,,,
TVmaze,2013-01-24,The Office,Customer Loyalty,The office believes that Erin and Pete have feelings for each other; Jim misses his daughter's recital because of a business meeting.,https://www.tvmaze.com/episodes/47827/the-office-9x12-customer-loyalty,The Office,,,,
TVmaze,2013-01-31,The Office,Junior Salesman,Clark has to compete against a bunch of Dwight's friends and family for the job of junior salesman.,https://www.tvmaze.com/episodes/47828/the-office-9x13-junior-salesman,The Office,,,,
TVmaze,2013-01-31,The Office,Vandalism,Pam is upset when she finds her mural has been defaced; Darryl finds out Jim is a slob when they sublet an apartment together in Philly.,https://www.tvmaze.com/episodes/47829/the-office-9x14-vandalism,The Office,,,,
TVmaze,2013-02-07,The Office,Couples Discount,The staff celebrates Valentine's Day by going out to a local nail salon for couple's discounts; Jim and Pam have lunch with Brian.,https://www.tvmaze.com/episodes/47830/the-office-9x15-couples-discount,The Office,,,,
TVmaze,2013-02-14,The Office,Moving On,Andy learns that Erin is now seeing Pete; Pam interviews for a job in Philadelphia.,https://www.tvmaze.com/episodes/47831/the-office-9x16-moving-on,The Office,,,,
TVmaze,2013-03-14,The Office,The Farm,"After Dwight's aunt dies, his sister and brother return for her funeral; Todd Packer returns to the office.",https://www.tvmaze.com/episodes/47832/the-office-9x17-the-farm,The Office,,,,
TVmaze,2013-04-04,The Office,Promos,The promo for the documentary is finally released.,https://www.tvmaze.com/episodes/47833/the-office-9x18-promos,The Office,,,,
TVmaze,2013-04-11,The Office,Stairmageddon,Stanley refuses to go on a sales call with Dwight because the elevator is broke; Jim and Pam begin marriage counseling. ,https://www.tvmaze.com/episodes/47834/the-office-9x19-stairmageddon,The Office,,,,
TVmaze,2013-04-25,The Office,Paper Airplane,The staff competes in a paper airplane contest.,https://www.tvmaze.com/episodes/47835/the-office-9x20-paper-airplane,The Office,,,,
TVmaze,2013-05-02,The Office,Livin' the Dream,Andy quits as regional manager to focus on his acting career; Jim dedicates more time at Dunder Mifflin to save his marriage.,https://www.tvmaze.com/episodes/47836/the-office-9x21-livin-the-dream,The Office,,,,
TVmaze,2013-05-09,The Office,A.A.R.M. (1),Andy auditions for a singing competition; Dwight hires an assistant to his assistant to the regional manager...himself; Kevin is jealous of Phillip.,https://www.tvmaze.com/episodes/47837/the-office-9x22-aarm-1,The Office,,,,
TVmaze,2013-05-09,The Office,A.A.R.M. (2),Andy auditions for a singing competition; Dwight hires an assistant to his assistant to the regional manager...himself; Kevin is jealous of Phillip,https://www.tvmaze.com/episodes/47838/the-office-9x23-aarm-2,The Office,,,,
TVmaze,2013-05-16,The Office,Finale (1),The office staff reunites for a panel discussion and Dwight and Angela's wedding.,https://www.tvmaze.com/episodes/711197/the-office-9x24-finale-1,The Office,,,,
TVmaze,2013-05-16,The Office,Finale (2),The office staff reunites for a panel discussion and Dwight and Angela's wedding.,https://www.tvmaze.com/episodes/711203/the-office-9x25-finale-2,The Office,,,,
